51.81.166.201,7414
177.125.179.204,304
198.241.159.209,148
63.149.204.184,112
39.237.51.185,108
195.198.120.238,4444
39.247.10.192,698
177.125.214.153,8
192.120.148.227,37778
198.241.179.238,154
64.113.118.122,2
202.1.175.252,36954
97.193.61.53,32
198.241.158.183,30
58.222.135.253,346
128.167.178.183,18
198.241.152.229,126
53.149.243.178,6
198.241.159.205,2
41.215.236.152,488
198.241.178.225,30
188.72.200.132,8
71.126.222.64,7630
48.117.221.235,110
60.50.181.52,2
40.67.6.199,296
200.150.74.112,128
51.173.229.255,38088
40.75.89.172,35686
192.95.27.190,46198
